Product Name,Over_All_Rating,Price,Date,Rating,Name,Comment
Buy BULLMER Tribal Printed Oversized Cotton T Shirt  - Tshirts for Men 27226100 | Myntra,3.8,‚Çπ269,5 Oct 2024,5,Maaz,"The Bullmer oversized t-shirt is both stylish and comfortable. The soft, breathable fabric feels great, and the fit is perfectly relaxed without being too baggy. It holds up well after multiple washes, keeping its shape and color. Easy to pair with anything for a casual look, it‚Äôs versatile and a must-have for everyday wear. Highly recommend!"
Buy BULLMER Tribal Printed Oversized Cotton T Shirt  - Tshirts for Men 27226100 | Myntra,3.8,‚Çπ269,24 May 2024,5,Shubho,"The T-shirt seems very good. I really love the design, and I have nothing to complain about. The quality of the fabric is also excellent, and the price is reasonable for what you get. The small size is perfect for people of shorter height, as it fits me well. Overall, I am very satisfied with this T-shirt and truly love it."
Buy BULLMER Tribal Printed Oversized Cotton T Shirt  - Tshirts for Men 27226100 | Myntra,3.8,‚Çπ269,27 Apr 2024,4,The S K,"Nice tshirt but does not come on my hope ‚ô•Ô∏è but I like that tshirt it feel comfortable for me.. üòÄ 
Thanku bullmer and mythra "
Buy BULLMER Tribal Printed Oversized Cotton T Shirt  - Tshirts for Men 27226100 | Myntra,3.8,‚Çπ269,31 May 2024,5,Jainish Nimesh Panchal,"‚ÄúI highly recommend this business.‚Äù ‚ÄúTheir customer service is second to none.‚Äù ‚ÄúThe product quality is consistently outstanding, exceeding my expectations every time.‚Äù ‚ÄúI was completely impressed with their professionalism and customer service.‚Äù"
Buy BULLMER Tribal Printed Oversized Cotton T Shirt  - Tshirts for Men 27226100 | Myntra,3.8,‚Çπ269,26 July 2024,5,Kundan Kumar Singh,Superb quality perfect size 
Buy BULLMER Tribal Printed Oversized Cotton T Shirt  - Tshirts for Men 27226100 | Myntra,3.8,‚Çπ269,7 Sept 2024,5,Pradipnath," tribal printed oversized T-shirt:

_Vibrant & Comfortable_

I'm obsessed with this tribal printed oversized T-shirt! The bold, vibrant print adds a pop of personality to any outfit, while the comfortable, relaxed fit makes it perfect for casual wear.

_Pros:_

- Unique, eye-catching tribal print
- Soft, breathable fabric
- Oversized fit is comfortable and on-trend
- Versatile for dressing up or down

_Cons:_

- May be too large for petite frames
- Print may fade slightly after washing

_Overall:_

This tribal printed oversized T-shirt is a statement piece that adds a touch of adventure to my wardrobe. The comfortable fit and vibrant print make it a must-have for anyone seeking a stylish, laid-back look.

Rating: 4.5/5 stars

Would you like me to add any details to this review or simulate a review for a specific brand or style?"
Buy BULLMER Tribal Printed Oversized Cotton T Shirt  - Tshirts for Men 27226100 | Myntra,3.8,‚Çπ269,13 July 2024,4,Sooryakiran,I think it is smoother than other ones in the market ones. I think the company is using better because they are new in the market. We should take advantage of that and buy such products at the right price as well. My experience is amazing so far and I do not have any complaints at all.
Buy BULLMER Tribal Printed Oversized Cotton T Shirt  - Tshirts for Men 27226100 | Myntra,3.8,‚Çπ269,12 Mar 2024,5,Ananya Shinde,"Oversized tshirt and looks so stylish material is  soft and comfortable .. but the design is printed so it can go after  a while... But overall good 
"
